sha256,bytes,canonical_path,selected_source,selected_source_path,source_copy_count
0048cee96f754c83bcb33449e1425582cca9c69762689e565fc952c8b14f14de,5675275,"clips/ep02_animated/Gen-4_5 - Animate this image as the opening scene for Episode 02 of Truth Explains, about passwords.gen-4_5 - animate this image as the opening scene for episode 02 of truth explains, about passwords.mp4",new,"clips/ep02_animated/Gen-4_5 - Animate this image as the opening scene for Episode 02 of Truth Explains, about passwords.gen-4_5 - animate this image as the opening scene for episode 02 of truth explains, about passwords.mp4",2
056904b82b778ecd3affdcba1d835aee8e80f75e94af9dbb8bdaa10350e6edb2,3669157,clips/ep01_animated/ep01-s3b-fishing-animated.mp4,repo,clips/ep01_animated/ep01-s3b-fishing-animated.mp4,2
0689d939a90601a751d408db24663073b7e6e4328df29865d5e0e3232102b943,282498,clips/ep01/ep01-s-nexttime.jpg,repo,clips/ep01/ep01-s-nexttime.jpg,2
06918374ff2e8d87cf616e6b0f63352e7c387e49df03bd6b15dc7f8006d75a47,350318,clips/ep01/ep01-s5a2-private.jpg,repo,clips/ep01/ep01-s5a2-private.jpg,2
09ad2ddc8750a846c5f7aedfa44274a58f8cb161cb2f1b9cecf2ff959e93e2f0,340544,clips/ep01/ep01-s6b-put-down.jpg,repo,clips/ep01/ep01-s6b-put-down.jpg,2
0d36ef9c461286fdb3479537f292bcba08b8954069d78936de434b71a640fd36,377337,clips/ep01/ep01-s5d-availability.jpg,repo,clips/ep01/ep01-s5d-availability.jpg,2
0e18b5a687b795bcdd61015a895a385b4259c524fd001464ba6627a7309225c6,2092293,episodes/EP02_Passwords_and_Password_Managers/04_still_images/ep02_B06_Two_factor.png,new,episodes/EP02_Passwords_and_Password_Managers/04_still_images/ep02_B06_Two_factor.png,1
0f2dea56441246640763a7fb3f36295f5ecb418e257c6d7d8e01446ca824ff0b,1721353,episodes/EP02_Passwords_and_Password_Managers/04_still_images/ep02-B07_Deadbolt.png,new,episodes/EP02_Passwords_and_Password_Managers/04_still_images/ep02-B07_Deadbolt.png,1
0faa1c1cf6e41d57bad4e27b92954771b16306dc99bd92549aa9cebdd7e9852c,2615737,episodes/EP02_Passwords_and_Password_Managers/04_still_images/E02_B05N_Good_You_Hear_That.png,new,episodes/EP02_Passwords_and_Password_Managers/04_still_images/E02_B05N_Good_You_Hear_That.png,1
10dc3c24c90da38de947636c011940944f4d60d9fa0edb0546be779abec6a5b1,2320692,campaigns/Campaign 01 - The Pause Is the Power/Assets/Images/campaign01_digital_life_instagram_feed_1080x1350.png,repo,Campaigns/Campaign 01 - The Pause Is the Power /Assets/Images/campaign01_digital_life_instagram_feed_1080x1350.png,2
11528a3a8ad9a0faff7e2a163fba0f5bb8f1b51fb56455669a1a7ba3e3cebca5,374644,clips/ep01/ep01-s2e-digital-doors.jpg,repo,clips/ep01/ep01-s2e-digital-doors.jpg,2
1334044f85451a046e26c84f77e626f73baef6defc09aa3999037e6f45a2deb7,2103320,episodes/EP02_Passwords_and_Password_Managers/02_beats/E02_B04C_Automated_Credential_Stuffing_Program_Running.png,new,episodes/EP02_Passwords_and_Password_Managers/02_beats/E02_B04C_Automated_Credential_Stuffing_Program_Running.png,1
1440fd32476f2c9136e2cf688d8da78ae442ab4b1b7248c69bfcd64acdebe06d,2413268,episodes/EP02_Passwords_and_Password_Managers/04_still_images/E02_B05D_You_Do_Not_Need_To_Become_A_Computer_Person.png,new,episodes/EP02_Passwords_and_Password_Managers/04_still_images/E02_B05D_You_Do_Not_Need_To_Become_A_Computer_Person.png,1
14732aa3e0aaec5ee78cfdfb1da29166cd876db70790d9a42206c4a8b02b2bda,1496713,clips/ep01_animated/ep01-s8a-passwords-animated.mp4,new,clips/ep01_animated/ep01-s8a-passwords-animated.mp4,2
147d9c1e9c6df548201d3b042c718597aba25bc9e44f4707a8e783e2b18ca1e1,2294278,episodes/EP02_Passwords_and_Password_Managers/04_still_images/E02_B05A_How_Do_We_Beat_It.png,new,episodes/EP02_Passwords_and_Password_Managers/04_still_images/E02_B05A_How_Do_We_Beat_It.png,1
15eb2af612f08fd4d47296af40aaa77124a0ee41c21b7bb782439a987b42a42a,274365023,renders/ep02-truth-explains-passwords-youtube.mp4.mov,new,renders/ep02-truth-explains-passwords-youtube.mp4.mov,1
178c556a4813bbcacbe19fc246a829e5fc6dc22112c8a63e0ec134530be599b3,318016,clips/ep01/ep01-s3-scammer.jpg,repo,clips/ep01/ep01-s3-scammer.jpg,2
1d2530a5c3e47d19db1f705aac5a5b0dd0870d7876cfb09524bfb09e4ac37182,58293816,audio/ep01_narration.aiff,repo,audio/ep01_narration.aiff,2
1d7a20425288250574191a46104c0336f89fe7519e810c60493d09c13ba30449,494313,clips/ep01/ep01-at-slowdown.jpg,repo,clips/ep01/ep01-at-slowdown.jpg,2
1e30c81ab5e2dbaf1c2245246e89271cd618956bfa1fbf83f2589e3b966845cb,434257,clips/ep01/ep01-s5b-three-icons.jpg,repo,clips/ep01/ep01-s5b-three-icons.jpg,2
1ed1c4bbd5e864700d0ce2eae82db5740672635d4cc6f1e2d743ef4fb31423bd,20398277,legacy-projects/remotion/clips/ep01/b-roll-04.mp4,legacy,remotion/public/clips/ep01/b-roll-04.mp4,1
1f63a03a846ae16860acb129b2f4a9c76fe20ca86e4fe3de1a8a988b19c86b8d,1723886,episodes/EP02_Passwords_and_Password_Managers/04_still_images/E02_B05M_Thats_The_Whole_Trick.png,new,episodes/EP02_Passwords_and_Password_Managers/04_still_images/E02_B05M_Thats_The_Whole_Trick.png,1
1fe08c9ebb464885a65a8f76183daf3f80db99b81c90883e608b7450334b63e3,29146950,audio/ep01_narration.wav,repo,audio/ep01_narration.wav,2
2105bf42db9781c82009264c104bb5b48ef1fe1c9f170fef6f332e155e4d3cdc,2325496,episodes/EP02_Passwords_and_Password_Managers/04_still_images/E02_B05B_This_Part_I_Love.png,new,episodes/EP02_Passwords_and_Password_Managers/04_still_images/E02_B05B_This_Part_I_Love.png,1
262d1c95c7579199dad332d509717f9bd35ca2fdcdbd4d4df057e5fddeaa4674,126160,music/ep01_acttwo_01_opening.mp3,repo,assets/music/ep01_acttwo_01_opening.mp3,2
282f3bff41d808886aee9c696bf36b8d8cbc316276f62b6aac51a63f49abbd17,4324608,music/alban_gogh-quot-house-music-beat-quot-deep-house-494998.mp3,repo,assets/music/alban_gogh-quot-house-music-beat-quot-deep-house-494998.mp3,2
287947205c72eb6a234016231bdc3c9681fc000645c834bdbc505c69a52558bf,9857985,audio/syouki_takahashi-royal-sweet-honey-467114.mp3,repo,audio/syouki_takahashi-royal-sweet-honey-467114.mp3,2
28e0163a6bb1fdc058916fa7449b90cc196eaae28d20937a0d308cb24ff3bc11,31543349,legacy-projects/remotion/clips/ep01/b-roll-02.mp4,legacy,remotion/public/clips/ep01/b-roll-02.mp4,1
2c95ba64e74d3445d70b3b2c305c881936fa18cb1de541b0002d26d94a8a7b7f,589875,clips/ep01/ep01-at-digital-life.jpg,repo,clips/ep01/ep01-at-digital-life.jpg,2
2ce8caa44b39d297b6043b237a12b076db0148fb8ea81f4b66f3dc6b6cde03e9,694329,branding/character_reference/auntie_truth_ref_v2.jpg,repo,branding/character_reference/auntie_truth_ref_v2.jpg,2
2ec29f0c207e47d3644f5599d7db59b9e77b3e329d5ffc36a9d1294298774fce,2495674,clips/ep01_animated/dp01-s8b-2fa-animated.zip,repo,clips/ep01_animated/dp01-s8b-2fa-animated.zip,2
2f97cd9d8322ca3d09b9107b13c4dd2fceba1ad0fe59381f9204c346d1df9b5d,1061604,clips/library/at-lib-08.mp4,repo,clips/library/at-lib-08.mp4,3
32407e7239e869bfad5db4ac4d6bf75c55e25a77ec204a7be8cdfeb21e8dd353,2155883,episodes/EP02_Passwords_and_Password_Managers/02_beats/EP02_Beat03B_HollywoodMovieOnTV_TruthExplains.png,new,episodes/EP02_Passwords_and_Password_Managers/02_beats/    EP02_Beat03B_HollywoodMovieOnTV_TruthExplains.png,1
349c2f60ab81edce90c9ca12e9e5d557d89541d5e43fd1ad9fb7cdbdc47ddf9a,553040,clips/ep01/ep01-at06-wrapup.jpg,repo,clips/ep01/ep01-at06-wrapup.jpg,2
353fb06195bcc8099f31a41c48b5997f1b7e086815b5cb4c417f3c39ada31905,4961280,music/angelacreates-pink-fuzzy-cats-and-mushrooms-300624.mp3,repo,assets/music/angelacreates-pink-fuzzy-cats-and-mushrooms-300624.mp3,2
366f61179c0775e8452ee0c2cbcc98cfef258d5bcad2cdc21b3e97ca86fb9498,551351,branding/character_reference/truth_explains_youtube_banner_2048x1152.jpg,repo,branding/character_reference/truth_explains_youtube_banner_2048x1152.jpg,2
37ab3bd346542b1a6c69f9a472ba63f5dfc0622d665ef3a1f3db3ccfdb9e2834,1724544,audio/processed/video_08_ai.mp3,legacy,truth-explains-media/audio/processed/video_08_ai.mp3,1
37bc6e746b9ed3ad008742e24698e6d3dbb815bec27b08ec38cb4acfb5a93068,26420277,legacy-projects/remotion/clips/ep01/b-roll-06c.mp4,legacy,remotion/public/clips/ep01/b-roll-06c.mp4,1
3ab1b72fa8ec4c6f601385e543562e7212439ae12389ce343c909d5a17b181df,1331245,audio/processed/video_10_ai.mp3,legacy,truth-explains-media/audio/processed/video_10_ai.mp3,1
3b1763f1a0ab9c97745751a997b6006e1ff550d020c1a4907d0975985acac4a4,2476424,clips/ep01_animated/ep01-s5b-three-icons-animated.mp4,repo,clips/ep01_animated/ep01-s5b-three-icons-animated.mp4,2
3b8f18ee449f44784cb3c44b935fc749fa7dd9c29db17e6b99890762bbca0cd1,390576,clips/ep01/ep01-s2c-routine.jpg,repo,clips/ep01/ep01-s2c-routine.jpg,2
3e6593cc8cf27140f96554e8e0b4045065f219c62795357337e84ce1f53dcad8,442138,clips/ep01/ep01-s6c-stop.jpg,repo,clips/ep01/ep01-s6c-stop.jpg,2
3fa2f4d2c44c78ac8c09e431efcf83c0a718c08a6576d4e039e6ff714ef391b7,2329420,branding/character_reference/aunt_truth_illustrated_reference_v1.jpg.png,repo,branding/character_reference/aunt_truth_illustrated_reference_v1.jpg.png,2
3fb3417c93e0402dc5e5ea46e954f5226e8bf4369019ae231195d8d378204192,623399,clips/ep01/ep01-at10-subscribe.jpg,repo,clips/ep01/ep01-at10-subscribe.jpg,2
3fbe25714bd68874e99e7df74493d49ed57af39f93466257a06edef469142f49,5283679,clips/ep01_animated/ep01-s2c-routine-animated.mp4,repo,clips/ep01_animated/ep01-s2c-routine-animated.mp4,2
3fd1affec0d089e7583e44452c3e6455180d479527264e598e34aa38e66c2738,1104767,clips/ep01_animated/ep01-s2d-wantsin-animated.mp4,repo,clips/ep01_animated/ep01-s2d-wantsin-animated.mp4,2
404c596883f3a1b7450b010bf0f5f43a17800edf0ad1b835d5a6d62eff0092ed,559765,clips/ep01/ep01-at04-foundation.jpg,repo,clips/ep01/ep01-at04-foundation.jpg,2
414745804ccc41d1ae4aa7d7bc23f587e500a41d45be711a5ac7e75969fff9df,1994763,episodes/EP02_Passwords_and_Password_Managers/04_still_images/E02_B05E_The_Locked_Keychain.png,new,episodes/EP02_Passwords_and_Password_Managers/04_still_images/E02_B05E_The_Locked_Keychain.png,1
414e66dc950d0d862af124ae252cff9e777f749b8ef405bcbde3d4adfcf1a151,2004584,episodes/EP02_Passwords_and_Password_Managers/04_still_images/E02_B05K_Thirty_Second_Fix.png,new,episodes/EP02_Passwords_and_Password_Managers/04_still_images/E02_B05K_Thirty_Second_Fix.png,1
42df6cc31184e6d71e6f5ff00e2f1673583005eb7704d4cb1a5e2faa8bb8b3cf,2065554,audio/monume-background-music-519271.mp3,repo,audio/monume-background-music-519271.mp3,2
44d1f9e28d83afb97bf323950cb40c6372523278922de0a593fcc712540b8b33,1098023,audio/processed/video_05_ai.mp3,legacy,truth-explains-media/audio/processed/video_05_ai.mp3,1
45ca5f4907f927f18480928e8579fd77de48570d8321e5ae84622b6458ba0a54,1653909,audio/processed/video_02_ai.mp3,legacy,truth-explains-media/audio/processed/video_02_ai.mp3,1
4a949506e0056218feb5200fd17fbe1492568fb88e21a5155a8ef8a1237bf299,35410551,legacy-projects/remotion/clips/ep01/b-roll-03.mp4,legacy,remotion/public/clips/ep01/b-roll-03.mp4,1
4d06673ae72fe0b4504b164bb54af34ce786ea846178860be84fd320c1856248,25646402,legacy-projects/remotion/clips/ep01/b-roll-09.mp4,legacy,remotion/public/clips/ep01/b-roll-09.mp4,1
4da5de137a83821c58b4770dcf0482630367f910771ad1a56aa6492367bfb720,4109374,audio/studiokolomna-background-music-483818.mp3,repo,audio/studiokolomna-background-music-483818.mp3,2
4dce70ef72e2fc5aa2da6b57b77ed22310be1286f9e2850f01c54bcf75ef1613,600111,clips/ep01/ep01-at-why-it-matters.jpg,repo,clips/ep01/ep01-at-why-it-matters.jpg,2
4e52b798cedd4dfa999bcad2cae393a06dd2b19aa3dd68caa18e1dafc8d3acb1,1656835,audio/processed/video_07_ai.mp3,legacy,truth-explains-media/audio/processed/video_07_ai.mp3,1
4ed5e2e4f70406ee26a7cd391e313f98d6c4e25a2ce7384df7aa0eb0012835f7,2023085,clips/library/at-lib-09.mp4,repo,clips/library/at-lib-09.mp4,3
4fa59c7240ae7e59ec725826ff7a1e14d7b5a92abd6abd656e572fd4ae6ff148,1663703,campaigns/Campaign 01 - The Pause Is the Power/Assets/Images/campaign01_digital_life_square_1080x1080.png,repo,Campaigns/Campaign 01 - The Pause Is the Power /Assets/Images/campaign01_digital_life_square_1080x1080.png,2
4fcaefbacf606092d5ecde71dbaf6fe32a39e5f66a58357be6f9a8f7f553273b,608854,clips/ep01/ep01-at11-see-you-next-time.jpg,repo,clips/ep01/ep01-at11-see-you-next-time.jpg,2
503359091a39b59fd68625107d12e31e74dbd07ccfcc32dcbef066ceaffffc09,782898,legacy-projects/remotion/assets/aunt_truth_definitive.png,legacy,remotion/public/assets/aunt_truth_definitive.png,1
503a35470fc73a384c0e7274438601d2e1d74600aec2b1c7458e33ce67022b76,2573397,branding/character_reference/ep01_youtube_thumbnail_v1.png,repo,branding/character_reference/ep01_youtube_thumbnail_v1.png,2
5069d4166ef7199b484503e38bcefabb1faa615279be5558ab19790da1ec476c,2234383,branding/character_reference/aunt_truth_realistic_cyber_reference_v1.png,repo,branding/character_reference/aunt_truth_realistic_cyber_reference_v1.png,2
50baa73977ef92a44864f56fc49457104e4781225c67f86b617f48229134cf12,531579,music/Cybersecurity_Is_Not_Just_for_Hackers.mp3,repo,assets/music/Cybersecurity_Is_Not_Just_for_Hackers.mp3,2
51235e8b8cb6fe6835c8118797e1529a4a7799030819ce71d294d9a0045b9087,752294,clips/ep01/ep01-s0-opening.jpg,repo,clips/ep01/ep01-s0-opening.jpg,2
5130d95f23adbc13145d549abeea539f3f130e85f446460a38e485ed492fcfeb,551531,voice/Aunt Truth.jpg,repo,voice/Aunt Truth.jpg,2
51388ebe617ae08ed86aace659e9f8665ba08c09c25d20f71fba561cabfa82d9,1032113,clips/ep01_animated/ep01-s-dogname-animated.mp4,repo,clips/ep01_animated/ep01-s-dogname-animated.mp4,2
513a96e1aa9292761f2f0d94f0f4d73332ac770d2655834df321d86f954a367d,399075,clips/ep01/ep01-s8c-updates.jpg,repo,clips/ep01/ep01-s8c-updates.jpg,2
51e45a8b1c0d72b059bf23b5ce3539a89fcd892f95779556942997b272b938d3,335379,clips/ep01/ep01-s1a-door.jpg,repo,clips/ep01/ep01-s1a-door.jpg,2
5335f10625d1adc1d39951f920b94db82f6bc2cd7d3ccdc9177e868fd08a9782,2264529,episodes/EP02_Passwords_and_Password_Managers/02_beats/ep02_beat01_carrying_skeleton_key_runway_16x9_1920x1080.png,new,episodes/EP02_Passwords_and_Password_Managers/02_beats/ep02_beat01_carrying_skeleton_key_runway_16x9_1920x1080.png,2
534cf05c0e7dae4048e9707d5c3b6639c7083942915e65f161bd1a6d09949aff,417154,legacy-projects/remotion/assets/cia_triad_focus_asset.png,legacy,remotion/public/assets/cia_triad_focus_asset.png,1
54d968d26dcf8a250c9a6a9e0a8536c4e8d1784e167ff022faa1194bf0da8fa2,6100,branding/files.zip,new,branding/files.zip,1
54dc8d97133de2104597d9438d4cf6e1c2ba8fbdf3ca349acfd5935e2fd9e764,25255791,legacy-projects/remotion/clips/ep01/b-roll-08.mp4,legacy,remotion/public/clips/ep01/b-roll-08.mp4,1
5549e4145b43f61248e96bdd46111ac0711640e31ba8258bd536adfdefa10494,386300,clips/ep01/ep01-s8e-not-panic.jpg,repo,clips/ep01/ep01-s8e-not-panic.jpg,2
5623d06f9664beb924ff80076ab985f0a23e2cab947844a28c61aa93b87203b4,309152,clips/ep01/ep01-s6a-hover.jpg,repo,clips/ep01/ep01-s6a-hover.jpg,2
586d8ff948326fa3278b5e007defa91a7a42427cdcd2ce6db54aa0563ed03623,269542,clips/ep01/ep01-s-dogname.jpg,repo,clips/ep01/ep01-s-dogname.jpg,2
59ff1a477d61b2f576a77d193a629387efbf4ede0cacb611c50a7543ebb85f19,466323,clips/ep01/ep01-s1b-keys.jpg,repo,clips/ep01/ep01-s1b-keys.jpg,2
5a9c0a247778843491cb2e821eaead661ffbac880584c8a278f0c0164c295e2d,1827849,clips/library/at-lib-04.mp4,repo,clips/library/at-lib-04.mp4,3
5b05452787c3effdda00d591ad32daf5b243f95c8b836008d226ce057bcd3365,2579686,episodes/EP02_Passwords_and_Password_Managers/05_runway_clips/E02_B04C_Automated_Credential_Stuffing_Runway.mp4,new,episodes/EP02_Passwords_and_Password_Managers/05_runway_clips/E02_B04C_Automated_Credential_Stuffing_Runway.mp4,1
5d42e47f2b58414a47b850cc795c148064492fdbdafdd39fc96746a2647ac8bb,2584911,campaigns/instagram-carousel/carousel_03_passwords_codes_money.png,new,Instagram Carousel/carousel_03_passwords_codes_money.png,2
5e53ab4e3b1603de078349eb214fa0cc22dd7ecf24cd48e8ded5854f33a3bac8,1335733,episodes/EP02_Passwords_and_Password_Managers/05_runway_clips/E02_B05I_One_Website_Gets_Breached_Runway.mp4,new,episodes/EP02_Passwords_and_Password_Managers/05_runway_clips/E02_B05I_One_Website_Gets_Breached_Runway.mp4,1
5f2b470cb5da2ee94e18855683bcc4aacc09e8081cd0e454519063385e1f3962,242358,clips/ep01/ep01-s2d-wantsin.jpg,repo,clips/ep01/ep01-s2d-wantsin.jpg,2
6176b8034b3b095d626d2f5acb396fea6d94252301b3ee3a985315cb78f431aa,1153251,clips/ep01_animated/ep01-s8b-2fa.mp4,repo,clips/ep01_animated/ep01-s8b-2fa.mp4,2
63d27141ad3706c3bb3d045914f155942bbd705f1a260740edf0655aa3886218,34195280,legacy-projects/remotion/audio/ep01_narration.wav,legacy,remotion/public/audio/ep01_narration.wav,1
6433e4744425370321f61c28aa240bab6b68485bdfa5ae630a38d0b3e6d5932e,4142836,"clips/ep01_animated/Gen-4_5 - Auntie Truth sits still in her neon home studio, facing the camera_ She holds a confident.gen-4_5 - auntie truth sits still in her neon home studio, facing the camera_ she holds a confident.mp4",repo,"clips/ep01_animated/Gen-4_5 - Auntie Truth sits still in her neon home studio, facing the camera_ She holds a confident.gen-4_5 - auntie truth sits still in her neon home studio, facing the camera_ she holds a confident.mp4",2
643f8a8dc8bd9c19225afffad2becfec5426180b3749cb208abdf1a6c8354efc,32044,legacy-unclassified/legacy/chatterbox/out.wav,legacy,chatterbox/out.wav,1
647bd525d25f4d3eec5ae80095fbf4af091784e7837186dee75eab9f3f4ce023,2522198,audio/Character_Video_With_Coffee_Sip.mp4,legacy,audio/Character_Video_With_Coffee_Sip.mp4,2
68bea47aa92d25a70dba5ed12a7af9df3f0aa66d2adb246c8193279a6729658b,4019699,legacy-projects/remotion/clips/ep01/b-roll-05b.mp4,legacy,remotion/public/clips/ep01/b-roll-05b.mp4,1
694a9c61f2b26d35cfc1845fb48d79d0c2a34d8b5fcf0ee1b143d3245ee4475a,24650176,legacy-projects/remotion/clips/ep01/b-roll-05.mp4,legacy,remotion/public/clips/ep01/b-roll-05.mp4,1
698f3566fe20c4c5eb123b5b17489d02abd5603ab02dedd1431e0c77c0b803f1,303168,clips/ep01/ep01-s9-habits.jpg,repo,clips/ep01/ep01-s9-habits.jpg,2
69cb41d09805fca223f33cf143e643cffaff29f2a2382f89560f6c0bf9132576,1375966,audio/processed/video_09_ai.mp3,legacy,truth-explains-media/audio/processed/video_09_ai.mp3,1
6a86e418d1566beae82fe16df064312a048293769e31f0e817beb33cf211b65d,4609253,audio/jonasblakewood-background-music-519872.mp3,repo,audio/jonasblakewood-background-music-519872.mp3,2
6acbe834ea530ef4fb2ff7bb687b6087200e39869ebfc2a5d87ce66e96155863,2441584,episodes/EP02_Passwords_and_Password_Managers/04_still_images/02_B05C_You_Do_Not_Need_A_Better_Memory.png,new,episodes/EP02_Passwords_and_Password_Managers/04_still_images/02_B05C_You_Do_Not_Need_A_Better_Memory.png,1
6aeef1b88a34360e4a94fb9c56c245c618332f34fe02b6bc6d01e3ebe275b3fb,1164390,clips/library/at-lib-07.mp4,repo,clips/library/at-lib-07.mp4,3
6c0d6335a281f41434c357e5fc7e6c541848a75fbc57550524b55d2a09748e98,2294869,episodes/EP02_Passwords_and_Password_Managers/04_still_images/ep02_let_Me_Ask.png,new,episodes/EP02_Passwords_and_Password_Managers/04_still_images/ep02_let_Me_Ask.png,3
6c0fb78a5faaa1f5e08089d97f65cfebf8193293dd98ed0ca4eac365f0ed0657,2826860,episodes/EP02_Passwords_and_Password_Managers/04_still_images/ep02_at_leaving_with_keys.png,new,episodes/EP02_Passwords_and_Password_Managers/04_still_images/ep02_at_leaving_with_keys.png,1
6ceb255b1c9edd56cbca818259597903a08b03255ce1342baf20efbfeb1e1cc6,340863168,renders/ep01_truth_explains_instagram_9x16.mp4,repo,renders/ep01_truth_explains_instagram_9x16.mp4,2
6e8c9c2d862e8eed75c92f7070a96f00e8bd0978d66860101a767c894b281416,2674015,campaigns/instagram-carousel/carousel_05_pause_is_power.png,repo,Instagram Carousel/carousel_05_pause_is_power.png,2
6f3da02242ff445aba5d5837dd945eef9cbf6d0873ec3d073d6da4d24c368682,5053962,audio/paulyudin-background-music-478744.mp3,repo,audio/paulyudin-background-music-478744.mp3,2
6f6879e5c68ca83602a59b2dbe5b23e015555b7e7ef74998869dc868f5c478b0,1773617,episodes/EP02_Passwords_and_Password_Managers/04_still_images/E02_B05A_Every_Door_Its_Own_Key.png,new,episodes/EP02_Passwords_and_Password_Managers/04_still_images/E02_B05A_Every_Door_Its_Own_Key.png,1
6fb52e65b9ad58381b019fd3657cd54c85f9eae697f7b636c0da361ca3880577,764148,campaigns/Campaign 01 - The Pause Is the Power/Assets/Images/campaign01_digital_life_substack_social_1200x630.png,repo,Campaigns/Campaign 01 - The Pause Is the Power /Assets/Images/campaign01_digital_life_substack_social_1200x630.png,2
705edba0c0cf45229d34c0f399ba841837bde31b5c97e90a1b2eb3102713b9c0,9906345,legacy-projects/remotion/clips/Extras/hackera.mp4,legacy,remotion/public/clips/Extras/hackera.mp4,1
715281c301773e0c1778d2bc51958fb8c391c6c4ab833bda79f392e6edff54e3,2058730,episodes/EP02_Passwords_and_Password_Managers/04_still_images/ep02_scene02_same_key_many_doors_16x9.png,new,episodes/EP02_Passwords_and_Password_Managers/04_still_images/ep02_scene02_same_key_many_doors_16x9.png,2
734f3a9a9fd1f6273a897f0f40621b4e610a4ec6c5628f1f1902b1ff42e75676,410092,clips/ep01/ep01-s3b-fishing.jpg,repo,clips/ep01/ep01-s3b-fishing.jpg,2
744ef45b0cdd9d9d6ad13a79f239eba52c643669b5478824675f8df0c5a0384c,1888448,episodes/EP02_Passwords_and_Password_Managers/04_still_images/E02_B05MA_Thats_The_Whole_Trick.png,new,episodes/EP02_Passwords_and_Password_Managers/04_still_images/E02_B05MA_Thats_The_Whole_Trick.png,1
7462578aed1ce73e2156b71f43ce82416f0e7cfb27ade6c6105a157877ae06c6,523744,clips/ep01/ep01-at07-questions.jpg,repo,clips/ep01/ep01-at07-questions.jpg,2
76bde9ac0954cb2a0d67ae01e4861f484fa3df82b9f61daac4c257f4a070dc73,1254340,audio/processed/video_04_ai.mp3,legacy,truth-explains-media/audio/processed/video_04_ai.mp3,1
786235826427596f8d9821243a4bb722e74f13957a0941bf5093fd2d4045b91c,2640799,episodes/EP02_Passwords_and_Password_Managers/04_still_images/ep02_scene01_opening_question_no_key_no_icons_16x9.png,new,episodes/EP02_Passwords_and_Password_Managers/04_still_images/ep02_scene01_opening_question_no_key_no_icons_16x9.png,2
79cb4efe1454456ddd28fab769671aa4bd07afe779b5c9a9ecd4271fe4f4d4fe,533333,clips/ep01/ep01-s8b-2fa.jpg,repo,clips/ep01/ep01-s8b-2fa.jpg,2
7b4c643610e97b96c577e7638d8148e8e06e306553d39b3afa16f8bc1c919441,288738,clips/ep01/ep01-s8d-links.jpg,repo,clips/ep01/ep01-s8d-links.jpg,2
7cb1877dab96e114b746ecf6e87bcc30ecd324b2e4e708ae9ebeb38ad81517d4,19024172,audio/ep01_at01_hey_family_audo.wav,repo,audio/ep01_at01_hey_family_audo.wav,2
7cef4bdb9a254f52568367668f046590bf06ffc1bbf87ec90c37ea7daabd91e7,428686,clips/ep01/ep01-s0b-soc.jpg,repo,clips/ep01/ep01-s0b-soc.jpg,2
7f2ea3edd278e93c4db104dcf2601b1696a7b72d9a17bdbdf9d731f17c549b73,1789168,clips/library/at-lib-05.mp4,repo,clips/library/at-lib-05.mp4,3
808a32f9eea77743355bfb9e373f24789e3ad975cf29469b8211e54f47bd4b8a,19903273,legacy-projects/remotion/clips/ep01/b-roll-01.mp4,legacy,remotion/public/clips/ep01/b-roll-01.mp4,1
812014108af677d46d3eb65879dd77b3d2fa6776a6100f99c176e0e37d6891db,2405651,episodes/EP02_Passwords_and_Password_Managers/04_still_images/E02_B05N_What_If_It_Gets_Hacked.png,new,episodes/EP02_Passwords_and_Password_Managers/04_still_images/E02_B05N_What_If_It_Gets_Hacked.png,1
818339d3a49a1c7df3508eb7575976cd4c620e1de8ef91ae4c8fc6798c07dcac,2374628,episodes/EP02_Passwords_and_Password_Managers/04_still_images/E02_B05E_You_Need_A_Better_System.png,new,episodes/EP02_Passwords_and_Password_Managers/04_still_images/E02_B05E_You_Need_A_Better_System.png,1
82b739f699b4665e6fc0671a72e405838f6766d82cb8966ceda8ecce52dfc71e,18929382,renders/campaign01_rush_you_tiktok_short.mp4,repo,renders/campaign01_rush_you_tiktok_short.mp4,2
8450d7cd4eabc45139538599716c53a8b2c4cf6e23ec8b6a1c5d323faba49214,1394774,audio/processed/video_03_ai.mp3,legacy,truth-explains-media/audio/processed/video_03_ai.mp3,1
84d2fa6668cdf470c987f5a281e6575c0bf400ec497dafc68f59b8c1a2706f1b,2607384,clips/ep01_animated/ap01-s8c-update-animated.mp4,repo,clips/ep01_animated/ap01-s8c-update-animated.mp4,4
853c88207d7818122f9f3a8dce18a0e7163c1dc0472f1376c2410d651fc5c21e,3503890,clips/ep01_animated/ep01-s0b-soc-animated.mp4,repo,clips/ep01_animated/ep01-s0b-soc-animated.mp4,2
8578ffcd562ec01344d3def0dd180b8894441ce92ace9b61d50847ac28a9f257,2191874,clips/ep01_animated/ep01-s2e-digital-doors-animated.mp4,repo,clips/ep01_animated/ep01-s2e-digital-doors-animated.mp4,2
866eb8a23d0845da9e7eea80f6c1fc4173fe8a9f7e56df2d7c4b256425b2599f,326697,clips/ep01/ep01-s8a-passwords.jpg,new,clips/ep01/ep01-s8a-passwords.jpg,2
88654a6fbb5f1496784b534ac03db83976bcc3e2f5e60e83c5274d8a00289726,1938206,branding/character_reference/truth_explains_youtube_banner_v3.png,repo,branding/character_reference/truth_explains_youtube_banner_v3.png,2
8981d791f51304001a4b6984b8cb8fb6432154666c6efb0e730605484dfc17be,1799447,episodes/EP02_Passwords_and_Password_Managers/02_beats/E02_Beat_04A_Website_Breach.png,new,episodes/EP02_Passwords_and_Password_Managers/02_beats/E02_Beat_04A_Website_Breach.png,1
8a50bbd6a060ee016b384ae8704f2f1b8d05f906ba94cd8afaba6153fb2c9bf0,59572567,renders/campaign01_Cyberseucrity_Is_Not_Just_For_Hackers.mp4,repo,renders/campaign01_Cyberseucrity_Is_Not_Just_For_Hackers.mp4,2
8bd6feaca94b56e3088b4b98ff50b329a994e5b2038cd8df29bda1e37252d69c,2120225,episodes/EP02_Passwords_and_Password_Managers/04_still_images/ep02_scene02_same_key_app_icons_studio_desk_16x9.png,new,episodes/EP02_Passwords_and_Password_Managers/04_still_images/ep02_scene02_same_key_app_icons_studio_desk_16x9.png,2
8d1f28a8c404876fe985f578f6ca9501e9008feef1d6dfaf7dfbe39e50dc7c74,397410865,renders/ep01_truth_explains_tiktok_9x16.mp4,repo,renders/ep01_truth_explains_tiktok_9x16.mp4,2
8d3b84a2a4d5ab37c4d29f93f87b32a39bd329fceafc6dd21bd378bf74a15bf2,2510198,episodes/EP02_Passwords_and_Password_Managers/06_voiceover/ep02_narration.mp3,new,episodes/EP02_Passwords_and_Password_Managers/06_voiceover/ep02_narration.mp3,2
8ee60df0168bc7f3e1153e661292c299063bf28f2430faf5b8dd6e5608227d81,271381,clips/ep01/ep01-s5e-three-shields.jpg,repo,clips/ep01/ep01-s5e-three-shields.jpg,2
90bfb09e020afb1fc97213ffbb6a4f9989cf786e5c2010b5e369d9a7b762388d,3280617,episodes/EP02_Passwords_and_Password_Managers/02_beats/ep02_beat01_carrying_the_skeleton_key_through_a_crowded_room_anim_16x9.mp4,new,episodes/EP02_Passwords_and_Password_Managers/02_beats/ep02_beat01_carrying_the_skeleton_key_through_a_crowded_room_anim_16x9.mp4,1
9173cf7363d2976f83c39bac1810606d8f5e7d092dfc8a4f6927c14cc4251a32,1677947,clips/library/at-lib-03.mp4,repo,clips/library/at-lib-03.mp4,3
9288d402ff3224312e6c2e3df6f75863b6a82e796c69c0137b28e5ab8431e161,242761,clips/ep01/ep01-s5f-integrity-attack.jpg,repo,clips/ep01/ep01-s5f-integrity-attack.jpg,2
92a97a6c5f3891801a18e5e960d62cd2b1659efd36e81f0e9c4f14261c9e2d7a,3326036,episodes/EP02_Passwords_and_Password_Managers/05_runway_clips/max-bark.mp4,new,episodes/EP02_Passwords_and_Password_Managers/05_runway_clips/max-bark.mp4,1
940edbead594142cef3b8bf152e5bcad7beda63ed7f3e8c10e08e786ba0cd145,645040,legacy-projects/remotion/assets/auntie_desk_setup.png,legacy,remotion/public/assets/auntie_desk_setup.png,1
9592b76f5152b4c21c2f95fd881c29fbcab3706cee25a224047e8c0421995979,1921540,episodes/EP02_Passwords_and_Password_Managers/04_still_images/The_dog_joke.png,new,episodes/EP02_Passwords_and_Password_Managers/04_still_images/The_dog_joke.png,1
978ed0ff5adf70c17bdffaaffa5af2abd6994110309c1216e3e8b032b220235e,564830,clips/ep01/ep01-s0a-serverracks.jpg,repo,clips/ep01/ep01-s0a-serverracks.jpg,2
981f5639058a6bbe3d2afc5a7c6593df8ad5d3bb09abf185145a9d30fe99c296,29950868,legacy-projects/remotion/clips/ep01/b-roll-06b.mp4,legacy,remotion/public/clips/ep01/b-roll-06b.mp4,1
99d8f22ce14983c10462848f252ddd3b7abc4f8643d625d8201a6a5f42e241c6,2063539,episodes/EP02_Passwords_and_Password_Managers/02_beats/EP02_Beat03C_HollywoodMovieOnTV_TruthExplains.png,new,episodes/EP02_Passwords_and_Password_Managers/02_beats/    EP02_Beat03C_HollywoodMovieOnTV_TruthExplains.png,1
9e07dbff6bac6236d318921ed786982d4d57b6f46e78c2ce3dde13f38b9c1665,29573120,legacy-projects/remotion/audio/ep01_narration.aup3,legacy,remotion/public/audio/ep01_narration.aup3,1
9f5c3026f1f7afb827ca7383b94c4f28c8308a2a43c29fc94f2304186dcdaa08,2297733,episodes/EP02_Passwords_and_Password_Managers/04_still_images/E02_B04D_One_Identity_Multiple_Accounts.png,new,episodes/EP02_Passwords_and_Password_Managers/04_still_images/E02_B04D_One_Identity_Multiple_Accounts.png,1
a06746cadaf7044fdcf4a1e38ee1781467ae72ecfe5ed7f2260272abd2080541,1883514,episodes/EP02_Passwords_and_Password_Managers/04_still_images/E02_B05B_One_Strong_Password.png,new,episodes/EP02_Passwords_and_Password_Managers/04_still_images/E02_B05B_One_Strong_Password.png,1
a1b85eb0288f5f6c1dae4aeefd741d2624fa6887610759a48895a88746f26d6b,2923728,clips/ep01_animated/ep0-s0-opening-animated.mp4,repo,clips/ep01_animated/ep0-s0-opening-animated.mp4,4
a3be4552f3df4668efc80be4615fa4163e675fb8cbe8a0d91d4a3d42ee60f29a,2011442,branding/character_reference/truth_explains_youtube_banner_v2.png,repo,branding/character_reference/truth_explains_youtube_banner_v2.png,2
a3c6d4c81e60effc42b80eb1b83a2305c2e4b6e0cb7050c224d6deaade9af426,557124834,renders/ep01-truth-explains-final_youtube.mp4,repo,renders/ep01-truth-explains-final_youtube.mp4,2
a52062b28a6487fd78a74b41e21369dfed97a4cfa8546b2133165d4e7a803911,2676578,campaigns/Campaign 01 - The Pause Is the Power/Assets/Images/campaign01_digital_life_reels_tiktok_shorts_1080x1920.png,repo,Campaigns/Campaign 01 - The Pause Is the Power /Assets/Images/campaign01_digital_life_reels_tiktok_shorts_1080x1920.png,2
a5c74513f9a340c2396eb0662828d3e3f01191e96507d08d93b8e964ba9fb14f,2864183,branding/character_reference/ep02_passwords_key_scene_16x9_final.png,new,branding/character_reference/ep02_passwords_key_scene_16x9_final.png,2
a5efc3e37c4a190e77ad918e78ce78dde4ac9b1a6782f8dac90c237ddc9403c3,4910184,audio/tunetank-fashion-house-music-347284.mp3,repo,audio/tunetank-fashion-house-music-347284.mp3,2
a67c5e5a3f9f309e8ae057ffc4a9c9ad23db4e875c8c21b40c4324c47b6e0ab6,3385904,audio/Video_Rendering_Complete.mp4,legacy,audio/Video_Rendering_Complete.mp4,1
a68e03faecdb7cb0b4937d4ddedf26d4415f6599341c2bd39f924d5f07c784e8,2165488,episodes/EP02_Passwords_and_Password_Managers/02_beats/ep02_beat01_carrying_the_skeleton_key_through_a_crowded_room_16x9.png,new,episodes/EP02_Passwords_and_Password_Managers/02_beats/ep02_beat01_carrying_the_skeleton_key_through_a_crowded_room_16x9.png,1
ab6bd45ef4c2c452011c8b92fa3bde4f17614a0798f1ca1ee7f0c203444521fc,1798820,episodes/EP02_Passwords_and_Password_Managers/04_still_images/E02_B05P2_Watched_Tested_Updated.png,new,episodes/EP02_Passwords_and_Password_Managers/04_still_images/E02_B05P2_Watched_Tested_Updated.png,1
ae2349af8c291060c8ccfebcc782c6c56c258d72c8948974329e709a00eb229f,307202,clips/ep01/ep01-s4b-tabs.jpg,repo,clips/ep01/ep01-s4b-tabs.jpg,2
ae325f8aa704b95c0f40d5deaed8cb6dcf47def76c315ae0a74de35fa2eff938,41807516,renders/campaign01_3_signs_scam_tiktok_slideshow.mp4,repo,renders/campaign01_3_signs_scam_tiktok_slideshow.mp4,2
ae60dc3aed26059e6c531cc97b1c5e81cbfbb04e9822248372d6e1e1afbf018f,218916,clips/ep01/ep01-s1a2-peephole.jpg,repo,clips/ep01/ep01-s1a2-peephole.jpg,2
ae63ae73cbfdaa3e57f90fb926be606562804ed3dfa9fc3565fef0f2f7bc3ac5,335426,clips/ep01/ep01-s4a-tired.jpg,repo,clips/ep01/ep01-s4a-tired.jpg,2
b08c17d2779905d50365b1d09965f7360edfddf9afd2de9410031be30a37b3e6,2991234,episodes/EP02_Passwords_and_Password_Managers/05_runway_clips/E02_B05N_What_If_It_Gets_Hacked _Runway.mp4,new,episodes/EP02_Passwords_and_Password_Managers/05_runway_clips/E02_B05N_What_If_It_Gets_Hacked _Runway.mp4,1
b23368fde59e5d75560a20689edbdc630cf81fb95a5ba90984bbc6aa7c026959,4121541,clips/library/at-lib-01.mp4,repo,clips/library/at-lib-01.mp4,4
b406adfd42a43137759620201924733bd6d2f07919eff13f25cf395dd296140a,521586,clips/ep01/ep01-at01-hey-family.jpg,repo,clips/ep01/ep01-at01-hey-family.jpg,2
b4fe8dfc55d64af85ec4accf6253913e94a78cd55a12d9ccebbf2661cc58f7d5,580232,clips/ep01/ep01-at08-take-it-slow-dup.jpg,repo,clips/ep01/ep01-at08-take-it-slow-dup.jpg,2
b7b6216673897b848296f262ac59be79e281abf984b7856c98b273a1ccad0da5,458936,clips/ep01/ep01-s7-close.jpg,repo,clips/ep01/ep01-s7-close.jpg,2
b827c5dcd7181b6fb241bcedf633315bd308ca4de1a25cf462ec48de8751c6bc,926576,branding/assets/nano_banana_auntie_truth_frame.png,legacy,branding/assets/nano_banana_auntie_truth_frame.png,1
b98f91e150511faaf24211e6c005675ec4168ba3cfef81ee443a4e5af43e17ac,1333982,clips/library/at-lib-06.mp4,repo,clips/library/at-lib-06.mp4,3
b9c4e9f2a564d133c0fbd1e680938fc360a0990197d9aa638059a7a75958c4ec,2334675,branding/character_reference/auntie_truth_ref.png,repo,branding/character_reference/auntie_truth_ref.png,2
b9fc6030aebc251b15df3b01dde6bbea4ac7325aec3085fca2816e0822cd88ae,302201,clips/ep01/ep01-s0b-concept.jpg,repo,clips/ep01/ep01-s0b-concept.jpg,2
bc09356c8f554d31132bf0b229b00516d6cb804943a6c167113c5a270f0a7079,565914,clips/ep01/ep01-s0c-reallife.jpg,repo,clips/ep01/ep01-s0c-reallife.jpg,2
bc157659b888caec973ab3a35540d70838aec62df7e161cd1bdf72edf6b61b7d,1643676,episodes/EP02_Passwords_and_Password_Managers/04_still_images/E02_B05Q_Kills_The_Biggest_Risk .png,new,episodes/EP02_Passwords_and_Password_Managers/04_still_images/E02_B05Q_Kills_The_Biggest_Risk .png,1
bc934592bb9b860322cf165a29165053be1de0b785a80b90d24dd4ad99f94ab7,1816880,episodes/EP02_Passwords_and_Password_Managers/05_runway_clips/ep02-at_keys_jingling.mp4,new,episodes/EP02_Passwords_and_Password_Managers/05_runway_clips/ep02-at_keys_jingling.mp4,1
bcc05ed33b5c98cacdf001d9a12a0bfe0a112a37756d6a2058945e660270d91f,1895800,episodes/EP02_Passwords_and_Password_Managers/02_beats/EP02_Beat03A_HollywoodMovieOnTV_TruthExplains.png,new,episodes/EP02_Passwords_and_Password_Managers/02_beats/    EP02_Beat03A_HollywoodMovieOnTV_TruthExplains.png,1
bd6f2ade4197ad44eb26b4b9e2735821d43f4a6ebcfc3ee1ada27cccafbb9dd0,1326824,legacy-projects/remotion/clips/ep01/b-roll-07a.mp4,legacy,remotion/public/clips/ep01/b-roll-07a.mp4,1
c0d05c4e57423cafc578eb1f02997dc953aa6cc8db17421e2b04af54a0e4e68c,254864,clips/ep01/ep01-s8-layers.jpg,repo,clips/ep01/ep01-s8-layers.jpg,2
c42fba840a8b57c68652e29dab4e4742e62e26c3144db0f5aadd8f7cbe165fdb,1558669,clips/ep01_animated/ep01-s5b-three-icons-shields-animted.mp4,repo,clips/ep01_animated/ep01-s5b-three-icons-shields-animted.mp4,2
c4af213d9bd443d84b18f36b47768f7c443f5474a9e92cccc5b3d0218558c3a8,400595,clips/ep01/ep01-s5a3-broken.jpg,repo,clips/ep01/ep01-s5a3-broken.jpg,2
c65efbea26b45baa6e129a9f3801533f0ef765c69133a145f3b8b91eb64db79b,718618,branding/assets/aunt_truth_definitive.png,legacy,branding/assets/aunt_truth_definitive.png,1
c668f6521880760dc12fc1dbcf10f228f89527af354cd4853904a64954236941,2348861,legacy-projects/remotion/clips/ep01/b-roll-05a.mp4,legacy,remotion/public/clips/ep01/b-roll-05a.mp4,1
c73f099821cd612758fc9b432b13eebdc268eefb6bfa62d33dc32143905610ba,545678,legacy-projects/remotion/assets/cia_triad_animation_optimized.png,legacy,remotion/public/assets/cia_triad_animation_optimized.png,1
c744d23284a6862034d9470c0053336428b902b3fd5e9ead69afb93c2c51b68f,780433,clips/ep01_animated/ep0-s9-habits-animated.mp4,repo,clips/ep01_animated/ep0-s9-habits-animated.mp4,2
c81fd267b926dadc15a5642e72713555e582983d4fd9045bc3c09711cd445f36,3467744,audio/ep01-narration_v2.mp3,repo,audio/ep01-narration_v2.mp3,2
ca1958d86a7f8302173b6b9ed4ae82140c5f9948b89437adf4230e02b0d7943a,416948,clips/ep01/ep01-s3a-stereotype.jpg,repo,clips/ep01/ep01-s3a-stereotype.jpg,2
ca48cd271e4a62d6a2f5cef7f70a31d6e6366b913a34b821da0d8690a5446fc1,1926418,audio/processed/video_06_ai.mp3,legacy,truth-explains-media/audio/processed/video_06_ai.mp3,1
ca4af2782554a0689bc3705371c9ee95e3b08d2c197a17f5fa1dc70b28e9e5de,352868,clips/ep01/ep01-s5c-integrity.jpg,repo,clips/ep01/ep01-s5c-integrity.jpg,2
cb628754c49f83d3e099836013d8bfa43f7bd5080c76d9d146fcf5a7427a0ac0,1349458,clips/ep01_animated/ep01-s8-layers-animated.mp4,repo,clips/ep01_animated/ep01-s8-layers-animated.mp4,2
cc934670e3b6913a96fe5a4fb90882227aeee326753a7790f4f034c7aaeb91e0,6912768,audio/loungevibe-loungevibe-homebound-chill-music-lounge-music-260597.mp3,repo,audio/loungevibe-loungevibe-homebound-chill-music-lounge-music-260597.mp3,2
ccd29a1af8e4374c86fcd8ab553543aa913a1c9a332ad484264eeda11ee0f37e,1833946,episodes/EP02_Passwords_and_Password_Managers/04_still_images/E02_B05I_One_Website_Gets_Breached.png,new,episodes/EP02_Passwords_and_Password_Managers/04_still_images/E02_B05I_One_Website_Gets_Breached.png,1
ce30242316396886a41a22528980a6c5643da9b7a97e8c53b2c31d251c9a79cd,1636819,episodes/EP02_Passwords_and_Password_Managers/04_still_images/Long_beats_clever.png,new,episodes/EP02_Passwords_and_Password_Managers/04_still_images/Long_beats_clever.png,1
ce9d30843adf203ea672c96e611acf64170ee5062f5b89a4f1ae5cff99af05b3,38048300,audio/ep01-at01_hey_family_audio_v2.wav,repo,audio/ep01-at01_hey_family_audio_v2.wav,2
d0a471a5a0cab14f27e3db2daf5bf6cb4a783fc98ce92ddaecef06eb306a5c89,2617659,campaigns/instagram-carousel/carousel_04_losing_access_fear.png,repo,Instagram Carousel/carousel_04_losing_access_fear.png,2
d15e7e93c832bd8f986522257bb92c219828ecaf86f18d296001dacc6c1811b9,547897,clips/ep01/ep01-at09-thats-enough.jpg,repo,clips/ep01/ep01-at09-thats-enough.jpg,2
d1b92f9c6ab4b1425940ba561955c34efad3cb4814b629236a10e9a53cac957d,9215314,legacy-projects/remotion/clips/Extras/hackermp4,legacy,remotion/public/clips/Extras/hackermp4,1
d24ecc87bb3d4cc0843ae1eb7292b5e02d97395c26ce0ef62f67f652a4e06e38,5514005,legacy-projects/remotion/clips/ep01/b-roll-06a.mp4,legacy,remotion/public/clips/ep01/b-roll-06a.mp4,1
d2b88d9a8d09d37686f1f7f65bf56fbd46f1f1e63bc9b57801960287e22a42ea,9909,audio/ep01at01_hey_family_audio.mp3,repo,audio/ep01at01_hey_family_audio.mp3,2
d44d26b912fc3d993aa1e2213af8eef53c512f63f9e647e8658b3bfbeb9e3b3f,8054784,music/dimdel-deep-house-x-448914.mp3,repo,assets/music/dimdel-deep-house-x-448914.mp3,2
d5793ce14f2249e04fd6a5cdea81dfc1844567ad630a1dab492d4732679a8dbf,6063087,legacy-projects/remotion/clips/ep01/b-roll-11.mp4,legacy,remotion/public/clips/ep01/b-roll-11.mp4,1
d5b028c2da57d62070265f0cd287f07a96f26ccfc30af0f014a35bbb241f5603,277034,clips/ep01/ep01-s3c-scale.jpg,repo,clips/ep01/ep01-s3c-scale.jpg,2
d5db436049f7c9c2d372f2b24e17fe464f812a3c60fd211195ade81ae5837676,2403396,branding/character_reference/truth_explains_youtube_banner_v1.png,repo,branding/character_reference/truth_explains_youtube_banner_v1.png,2
d6c18b52db26f3917a273934bc2031fdd3b54f458377d42a192ad334db81c4d1,450456,clips/ep01/ep01-s2a-couch.jpg,repo,clips/ep01/ep01-s2a-couch.jpg,2
d6d2e8ac4ca9a9b2df7ac7a7ae9208a7ad32668bd654c0ae740ecb7c3609e70c,509616,clips/ep01/ep01-at02-glad-you-came.jpg,repo,clips/ep01/ep01-at02-glad-you-came.jpg,2
d72bbe4e14a0362f8a386e6d1b4ef60c7be45f185f25e9375a7ffb95d0f4de7b,459420,clips/ep01/ep01-s5a-padlock.jpg,repo,clips/ep01/ep01-s5a-padlock.jpg,2
db3177374216197917d2059793a6abbc33cc83a9cff71be4910bb0f4163ed9be,2602138,campaigns/instagram-carousel/carousel_01_scam_signs_cover.png,repo,Instagram Carousel/carousel_01_scam_signs_cover.png,2
db75a1a309f6e0d96e9725c8baa8788e8bba0f78af44a2e98acb387ad13a8795,37432676,renders/ep01_reel_pause_is_power.mp4,repo,renders/ep01_reel_pause_is_power.mp4,2
dca294299a5a0dc9c320833d5cb0410c0a4413b1220cbe438e4da51d74ed8a2e,130954,branding/assets/cia_triad_focus_asset.jpeg,legacy,branding/assets/cia_triad_focus_asset.jpeg,1
de091ece84f5bc9aefa247c065f3692adbde953f869c8eb31d5fdf17b0abd9a7,1476368,episodes/EP02_Passwords_and_Password_Managers/04_still_images/E02_B05P_Not_Magic_Watched_Tested_Updated.png,new,episodes/EP02_Passwords_and_Password_Managers/04_still_images/E02_B05P_Not_Magic_Watched_Tested_Updated.png,1
deaa463b7ed13648126bec81f34d9ce8852c831bd5a65e9f97587d96a4082fd3,559024,clips/ep01/ep01-at05-rule.jpg,repo,clips/ep01/ep01-at05-rule.jpg,2
deec59b634983fe0365ffb170da23ebac7d2c31afcf4abe5b1d8c3c7d5f599c1,1602883,clips/ep01_animated/ep01-s8a-passwords-animated_1.mp4,new,clips/ep01_animated/ep01-s8a-passwords-animated_1.mp4,2
e065f777333e02d3bcc36af9bd5b56ef7ded159b9fdcdcd550a65c6ce37042c6,606058,clips/ep01/ep01-at08-take-it-slow.jpg,repo,clips/ep01/ep01-at08-take-it-slow.jpg,2
e1a2e4b794da45dbdd8994439a2e05cd03097df007fcaff3b6d372b1679cd41e,1460286,campaigns/Campaign 01 - The Pause Is the Power/Assets/Images/campaign01_rush_you_static_1080x1920.png,repo,Campaigns/Campaign 01 - The Pause Is the Power /Assets/Images/campaign01_rush_you_static_1080x1920.png,2
e36804e560df61cd123c4456500cc451a5751e6aa6fdfcaa0f15781bdb0d506e,1822638,clips/library/at-lib-02.mp4,repo,clips/library/at-lib-02.mp4,3
e5b126e35cdd5cd6ae3709c4a7f5c8bbf9b264ca369a561945716b33ad5b0005,328278,clips/ep01/ep01-s1d-same-instinct.jpg,repo,clips/ep01/ep01-s1d-same-instinct.jpg,2
e7bb1a71a1d955609637c3e53d810ad478907310cf6694921abd93477307b413,1059405,clips/ep01_animated/ep01-s5f-integrity-attack-animated.mp4,repo,clips/ep01_animated/ep01-s5f-integrity-attack-animated.mp4,2
e7fe7886380575a612378b5686a0e165af88e9f25f6359f53d8e0d422d223ea5,2957479,audio/monume-house-519225.mp3,repo,audio/monume-house-519225.mp3,2
e823f2c768245fcc6448135541406fa1114f605ef0494ef6a663f15480b098f7,1917313,episodes/EP02_Passwords_and_Password_Managers/04_still_images/E02_B05MC_Thats_The_Whole_Trick.png,new,episodes/EP02_Passwords_and_Password_Managers/04_still_images/E02_B05MC_Thats_The_Whole_Trick.png,1
e864e79022fc1679743441ee20be68ad885784aedf05672f133db4f8c2b5647e,2608539,campaigns/instagram-carousel/carousel_02_act_now_pressure.png,repo,Instagram Carousel/carousel_02_act_now_pressure.png,2
e8d7dcbb2ff4669822cb46283dff4a0569ef96c0a744dec51ed608fdbc84be98,609112,clips/ep01/ep01-s2b-table.jpg,repo,clips/ep01/ep01-s2b-table.jpg,2
ea8286dbda00948f557f52b0d0a49241c6b011ead9bba70b3d0ace36df2342ca,1891659,episodes/EP02_Passwords_and_Password_Managers/04_still_images/02_B04B_Password_On_A_List.png,new,episodes/EP02_Passwords_and_Password_Managers/04_still_images/02_B04B_Password_On_A_List.png,1
eb48906cc2ada631d7a25c6e62b9c758c9d490e1c0bb5bc7c45571a769adbbb8,4312502,audio/saavane-midnight-groove-139641.mp3,repo,audio/saavane-midnight-groove-139641.mp3,2
ebdd9d5a89b1ef166c7c36e4bd9cc88ede32b7da25b5a669019a3933669dd75f,25887666,legacy-projects/remotion/clips/Extras/hackerfemale.mp4,legacy,remotion/public/clips/Extras/hackerfemale.mp4,1
edf87a9bbbf39f023c6724848a94180d7417bf671b5186e8839213f2f24d0e44,188707814,audio/Feb_02__1739_200s_202602031226_85uob.mp4,legacy,audio/Feb_02__1739_200s_202602031226_85uob.mp4,1
f2542b7b769783d191f632404411469741e003fbb32b027cb797f6d486adf0ab,2591674,clips/ep01_animated/p01-s3c-scale-animated.mp4,repo,clips/ep01_animated/p01-s3c-scale-animated.mp4,2
f3399edaf01ec68419f6917c5d2200549cdb8df5b3cc278ed48c0080fa4957be,541111,clips/ep01/ep01-at03-truth-style.jpg,repo,clips/ep01/ep01-at03-truth-style.jpg,2
f4f25cb2078e6a8e7e1aa327c90989206d69197388a2844a387f6e8594b74977,8299008,music/dimdel-deep-house-m-448915.mp3,repo,assets/music/dimdel-deep-house-m-448915.mp3,2
f69742350f553fd078b1787b12fc2d2e469d9494b295dc3470cd827e98579978,3039600,audio/ep01_narration.mp3,repo,audio/ep01_narration.mp3,3
f7263a08027b2014f36271c161af496136b1accb3fcf246c814dc4559bbbe8d1,2495352,clips/ep01_animated/ep01-s8b-2fa-animated.mp4,repo,clips/ep01_animated/ep01-s8b-2fa-animated.mp4,4
f8d632e1742ed472d702828d5aa923230eb0a5372edadbcd0da35735787e7bae,1694013,episodes/EP02_Passwords_and_Password_Managers/04_still_images/The_weak_password_list.png,new,episodes/EP02_Passwords_and_Password_Managers/04_still_images/The_weak_password_list.png,1
f9034311123b459ba391b9ff16e01776a4ab7b89f2e54dd51e92503783f563b9,2073540,audio/processed/video_01_ai.mp3,legacy,truth-explains-media/audio/processed/video_01_ai.mp3,1
fa42d225595382c123a3ea11f3c6d7ceefa1c1ed6e3bd8b9d9f15b4a9bab5be4,2019452,episodes/EP02_Passwords_and_Password_Managers/04_still_images/Secuirty Alert.png,new,episodes/EP02_Passwords_and_Password_Managers/04_still_images/Secuirty Alert.png,1
fa5f68981a3ad8bcdbc727266b4cf6202068bd409e0dadd1bf9d6f22d160cc58,1986068,episodes/EP02_Passwords_and_Password_Managers/04_still_images/ep02_scene03_skeleton_key_crowded_public_space_16x9.png,new,episodes/EP02_Passwords_and_Password_Managers/04_still_images/ep02_scene03_skeleton_key_crowded_public_space_16x9.png,2
fc57b67bce5d3822af81c65c6b6431dffd6910e5e8c9cd59afb5462c1329e0d7,416397,clips/ep01/ep01-s1c-truth-nod.jpg,repo,clips/ep01/ep01-s1c-truth-nod.jpg,2
fdabbc2370cae005d661d58b4cfc4a982e9ade976572ce967e8119def6d00c0e,248184,branding/assets/auntie_desk_setup.jpeg,legacy,branding/assets/auntie_desk_setup.jpeg,1
fdeefd5c19f335295c4c1120f14af83e09c610aa3b6074c57ad077ad697d1ab3,2068273,clips/ep01_animated/ep01-s5a-padlock-animated.mp4,repo,clips/ep01_animated/ep01-s5a-padlock-animated.mp4,2
ff00483f4efd45d5cfadceb573c1ad5d90ca92e8ee8835e9b2c3408701228af4,1375527,branding/assets/auntie-truth-reference.png,legacy,branding/assets/auntie-truth-reference.png,1
